id	prereg	condition	lean	tb7
P1	S2-P1	accept	.accept (.obs false (some false))	PASS
P2	S2-P2	accept	.accept (.obs false none)	PASS
P2x	S2-P2 (literal scenario, no adjudication)	C11	.halt .c11_noAdjudicationAfterClosure	-
P3	S2-P3	accept	.accept P10.S1.Evidence.inconsistent	-
P3b	S2-P3 (closure [A1] only)	C9	.reject .c9_refsNotExactRelevantSet	-
N0	S2-N0	C9	.reject .c9_refsNotExactRelevantSet	-
N1	S2-N1	C9	.reject .c9_refsNotExactRelevantSet	-
N2	S2-N2	C7	.reject .c7_refsNotStrictlyAscending	-
N3	S2-N3	C7	.reject .c7_refsNotStrictlyAscending	-
N4	S2-N4 (cited)	C8	.reject .c8_refNotRelevantAdmission	-
N4b	S2-N4 (uncited)	accept	.accept (.obs false none)	-
N5	S2-N5	C10	.reject .c10_relevantAdmissionAfterClosure	-
N6a	S2-N6a	C4	.halt .c4_noInstanceCommitment	-
N6b	S2-N6b (two commitments)	C4	.reject .c4_multipleCommitments	-
N6c	S2-N6b (conflicting commitment)	C4	.reject .c4_multipleCommitments	-
N7a	S2-N7 (payload unavailable)	C2	.halt .c2_subjectPayloadUnavailable	-
N7b	S2-N7 (checkpoint material missing)	TB5	.halt .tb5_checkpointMaterialUnavailable	-
N7c	S2-N7 (keyUnavailable, admitter)	C2	.halt .c2_keyUnavailable	-
N7d	S2-N7 (keyUnavailable, owner)	C2	.halt .c2_keyUnavailable	-
N8	S2-N8	C1	.reject .c1_logIdentity	-
N9	S2-N9	C1	.reject .c1_keyResolutionDigest	-
N10	S2-N10	accept	.accept (.obs false none)	-
N11	S2-N11	C1	.reject .c1_rowsNotContiguous	-
N12	S2-N12	C6	.halt .c6_noValidClosure	-
N13a	S2-N13 (profile commitment absent)	C3	.halt .c3_noProfileCommitment	-
N13b	S2-N13 (profile commitment after first admission)	C3	.reject .c3_profileAfterFirstAdmission	-
N14	S2-N14	C5	.reject .c5_citesNonOwnerLifecycle	-
N15	S2-N15	C8	.reject .c8_refNotRelevantAdmission	-
N16	S2-N16	C2	.halt .c2_rowUnavailable	-
N17	S2-N17	C8	.reject .c8_refNotRelevantAdmission	-
N18	S2-N18	accept	.accept (.obs false none)	-
N19	S2-N19	C1	.reject .c1_profileDigest	-
N20	S2-N20	TB7	.accept (.obs false none)	REJECT
N21	S2-N21	TB7	.accept (.obs false none)	HALT
N22a	S2-N22 (fixture_id)	C1	.reject .c1_profileFields	-
N22b	S2-N22 (normative_profile_digest)	C1	.reject .c1_profileFields	-
N22c	S2-N22 (s1_profile_token)	C1	.reject .c1_profileFields	-
N23a	S2-N23 (extra field)	C1	.reject .c1_profileDecode	-
N23b	S2-N23 (missing field)	C1	.reject .c1_profileDecode	-
N23c	S2-N23 (non-canonical encoding)	C1	.reject .c1_profileDecode	-
X1	addition	C1	.reject .c1_admitterSetDigest	-
X2	addition (commitment differs from frozen inst)	C4	.reject .c4_commitmentMismatch	-
X3	addition (commitment after first admission)	C4	.reject .c4_commitmentAfterFirstAdmission	-
X4	addition (two valid closures)	C6	.reject .c6_multipleClosures	-
X5	addition (empty closure)	C12	.reject .c12_evidenceOutsideE	-
X6	addition (no closure)	C6	.halt .c6_noValidClosure	-
X7	addition (ref to an admission after the closure)	C9	.reject .c9_refsNotExactRelevantSet	-
X8	addition (adjudication not owner-signed)	C11	.halt .c11_noAdjudicationAfterClosure	-
